Workbook

Sheet Premissas
A1: Point07 — Premissas do Cronograma
A2: Innovation Consultoria — base contratual: CONTRATO_Point07_Innovation.docx (assinado, set/2026)
A4: Parâmetro | B4: Valor | C4: Unidade | D4: Fonte contratual / observação
A5: Data de Kick-off (assinatura + 1ª parcela do setup) | B5: 46274 | C5: data | D5: ⚠️ A CONFIRMAR COM O CLIENTE — data de exemplo (ajustar para a data real de início da contagem do prazo). Contrato, Cláusula Terceira, caput.
A6: Prazo total até o Aceite Formal | B6: 30 | C6: dias úteis | D6: Contrato, Cláusula Terceira, §4º.
A7: Duração da homologação do cliente | B7: 5 | C7: dias úteis | D7: Contrato, Cláusula Quarta, §1º.
A8: Duração da correção pela Innovation (se homologação apontar pendências) | B8: 5 | C8: dias úteis | D8: Contrato, Cláusula Quarta, §4º.
A9: Duração da nova verificação do cliente (se houve correção) | B9: 3 | C9: dias úteis | D9: Contrato, Cláusula Quarta, §4º.
A10: Garantia pós-entrega (independente de homologação) | B10: 30 | C10: dias corridos | D10: Contrato, Cláusula Sétima.
A12: Legenda
A13: Célula amarela | B13: Entrada — pode/deve ser ajustada por Patrick (ex.: data real de kick-off).
A14: Célula branca | B14: Calculada por fórmula a partir das Premissas — não editar diretamente.
A16: Nota: os dias úteis abaixo seguem a contagem 'Dia 0 = data de kick-off' definida no Anexo II do contrato. 'Dias corridos' (garantia) contam calendário normal, não dias úteis.

Sheet Cronograma
A1: Point07 — Cronograma do Projeto (Anexo II + fases internas)
A2: Datas calculadas automaticamente a partir da Premissas (aba 'Premissas'). Ajuste a data de Kick-off lá — este cronograma recalcula sozinho.
A4: # | B4: Fase / Entrega | C4: Responsável | D4: Tipo de prazo | E4: Dia útil início (nº) | F4: Dia útil fim (nº) | G4: Data início | H4: Data fim | I4: Fonte contratual / observação
A5: 1 | B5: Kick-off (assinatura do contrato + pagamento da 1ª parcela do setup) | C5: Innovation / Cliente | D5: Dia útil (base) | E5: 0 | F5: 0 | G5: =Premissas!$B$5 -> 46274 | H5: =Premissas!$B$5 -> 46274 | I5: Contrato, Cláusula Terceira, caput.
A6: 2 | B6: Configuração de infraestrutura e ambiente local de desenvolvimento | C6: Innovation | D6: Dias úteis | E6: 1 | F6: 2 | G6: =WORKDAY(Premissas!$B$5,E6) -> 46275 | H6: =WORKDAY(Premissas!$B$5,F6) -> 46276 | I6: Anexo II — Cronograma.
A7: 3 | B7: Desenvolvimento — Módulo Cardápio (Gestão de Cardápio + Cardápio Público) | C7: Innovation | D7: Dias úteis | E7: 3 | F7: 9 | G7: =WORKDAY(Premissas!$B$5,E7) -> 46279 | H7: =WORKDAY(Premissas!$B$5,F7) -> 46287 | I7: Anexo II — Cronograma.
A8: 4 | B8: Desenvolvimento — Módulo Salão (Chamada de Garçom + Registro de Eventos + Painel Gerencial) | C8: Innovation | D8: Dias úteis | E8: 7 | F8: 14 | G8: =WORKDAY(Premissas!$B$5,E8) -> 46283 | H8: =WORKDAY(Premissas!$B$5,F8) -> 46294 | I8: Anexo II — Cronograma.
A9: 5 | B9: Testes internos (Innovation) | C9: Innovation | D9: Dias úteis | E9: 15 | F9: 16 | G9: =WORKDAY(Premissas!$B$5,E9) -> 46295 | H9: =WORKDAY(Premissas!$B$5,F9) -> 46296 | I9: Anexo II — Cronograma.
A10: 6 | B10: Disponibilização do ambiente para homologação do cliente | C10: Innovation | D10: Dias úteis | E10: 17 | F10: 17 | G10: =WORKDAY(Premissas!$B$5,E10) -> 46297 | H10: =WORKDAY(Premissas!$B$5,F10) -> 46297 | I10: Contrato, Cláusula Terceira, caput ("...com a disponibilização do ambiente para homologação, em até 20 dias úteis") + Anexo II.
A11: 7 | B11: Homologação do cliente | C11: Cliente | D11: Dias úteis | E11: =F10 -> 17 | F11: =E11+Premissas!$B$7-1 -> 21 | G11: =WORKDAY(Premissas!$B$5,E11) -> 46297 | H11: =WORKDAY(Premissas!$B$5,F11) -> 46303 | I11: Contrato, Cláusula Quarta, §1º.
A12: 8 | B12: Ajustes / correções pela Innovation (somente se a homologação apontar pendências) | C12: Innovation | D12: Dias úteis, condicional | E12: =F11+1 -> 22 | F12: =E12+Premissas!$B$8-1 -> 26 | G12: =WORKDAY(Premissas!$B$5,E12) -> 46304 | H12: =WORKDAY(Premissas!$B$5,F12) -> 46310 | I12: Contrato, Cláusula Quarta, §4º.
A13: 9 | B13: Nova verificação do cliente (somente se houve correção) | C13: Cliente | D13: Dias úteis, condicional | E13: =F12+1 -> 27 | F13: =E13+Premissas!$B$9-1 -> 29 | G13: =WORKDAY(Premissas!$B$5,E13) -> 46311 | H13: =WORKDAY(Premissas!$B$5,F13) -> 46315 | I13: Contrato, Cláusula Quarta, §4º.
A14: 10 | B14: Aceite Formal — cenário sem pendências (melhor caso: homologação aprovada de primeira) | C14: Innovation / Cliente | D14: Dias úteis | E14: =F11 -> 21 | F14: =F11 -> 21 | G14: =WORKDAY(Premissas!$B$5,E14) -> 46303 | H14: =WORKDAY(Premissas!$B$5,F14) -> 46303 | I14: Contrato, Cláusula Terceira, §4º.
A15: 11 | B15: Aceite Formal — cenário com correção completa (pior caso, limite contratual) | C15: Innovation / Cliente | D15: Dias úteis | E15: =F13 -> 29 | F15: =F13 -> 29 | G15: =WORKDAY(Premissas!$B$5,E15) -> 46315 | H15: =WORKDAY(Premissas!$B$5,F15) -> 46315 | I15: Contrato, Cláusula Terceira, §4º (limite de 30 dias úteis).
A16: 12 | B16: Treinamento da equipe do cliente (Administrador e Garçons) | C16: Innovation | D16: A combinar | E16: A combinar | F16: A combinar | G16: A combinar | H16: A combinar | I16: Anexo II — Cronograma ("A combinar").
A17: 13 | B17: Garantia pós-entrega (corre independente de haver ou não homologação com pendências) | C17: Innovation | D17: Dias corridos | E17: — | F17: — | G17: =H15+1 -> 46316 | H17: =G17+Premissas!$B$10-1 -> 46345 | I17: Contrato, Cláusula Sétima (30 dias corridos após a entrega).
A19: Verificação de prazo | E19: =IF(F15<=Premissas!$B$6,"OK — pior caso dentro do prazo contratual de "&Premissas!$B$6&" dias úteis (dia útil "&F15&")","FORA DO PRAZO — revisar Premissas ou o contrato") -> OK — pior caso dentro do prazo contratual de 30 dias úteis (dia útil 29)
A21: Notas: (1) Os dias 1–17 (infraestrutura, desenvolvimento e testes internos) seguem os intervalos fixados no Anexo II do contrato assinado — são dados de entrada (células amarelas), não fórmulas, porque representam o cronograma de desenvolvimento tal como aprovado com o cliente, e podem ser ajustados aqui se o plano de desenvolvimento mudar. (2) As linhas 7 a 11 (homologação, correção, nova verificação e Aceite Formal) são 100% calculadas a partir da aba Premissas — mudar as durações lá recalcula tudo aqui. (3) O cenário 'pior caso' assume que a homologação aponta pendências e a correção completa é usada; na prática o Aceite Formal pode ocorrer antes disso, como no cenário 'melhor caso' (linha 10).
